{"cameraMode":{"drawMode":0,"name":"Shaded","section":"Shading Mode"},"sceneLighting":true,"audioPlay":false,"sceneViewState":{"showFog":true,"showMaterialUpdate":false,"showSkybox":true,"showFlares":true,"showImageEffects":true,"showParticleSystems":true},"in2DMode":false,"pivot":{"x":5.88143253326416,"y":4.170224189758301,"z":-12.252832412719727},"rotation":{"x":-0.3227027654647827,"y":0.27200716733932497,"z":-0.09740898013114929,"w":-0.9013494849205017},"size":12.042962074279786,"orthographic":false}