{"cameraMode":{"drawMode":0,"name":"Shaded","section":"Shading Mode"},"sceneLighting":true,"audioPlay":false,"sceneViewState":{"showFog":true,"showMaterialUpdate":false,"showSkybox":true,"showFlares":true,"showImageEffects":true,"showParticleSystems":true},"in2DMode":false,"pivot":{"x":-537.2220458984375,"y":712.0475463867188,"z":-124.94375610351563},"rotation":{"x":0.05454634130001068,"y":0.9058797359466553,"z":-0.12304277718067169,"w":0.4016066789627075},"size":856.1209716796875,"orthographic":true}