{"cameraMode":{"drawMode":0,"name":"Shaded","section":"Shading Mode"},"sceneLighting":true,"audioPlay":false,"sceneViewState":{"showFog":true,"showMaterialUpdate":false,"showSkybox":true,"showFlares":true,"showImageEffects":true,"showParticleSystems":true},"in2DMode":false,"pivot":{"x":225.67831420898438,"y":-126.63648986816406,"z":-60.673194885253909},"rotation":{"x":0.3465542197227478,"y":-0.5279434323310852,"z":0.24919188022613526,"w":0.7342227101325989},"size":29.788564682006837,"orthographic":false}