{"cameraMode":{"drawMode":0,"name":"Shaded","section":"Shading Mode"},"sceneLighting":true,"audioPlay":false,"sceneViewState":{"showFog":false,"showMaterialUpdate":false,"showSkybox":true,"showFlares":false,"showImageEffects":false,"showParticleSystems":false},"in2DMode":false,"pivot":{"x":-1.9947941303253174,"y":6.9154486656188969,"z":-0.22827720642089845},"rotation":{"x":-0.24403592944145204,"y":0.3312135934829712,"z":-0.08910632878541947,"w":-0.9070878624916077},"size":4.145880222320557,"orthographic":false}