{"cameraMode":{"drawMode":0,"name":"Shaded","section":"Shading Mode"},"sceneLighting":true,"audioPlay":false,"sceneViewState":{"showFog":false,"showMaterialUpdate":false,"showSkybox":true,"showFlares":false,"showImageEffects":false,"showParticleSystems":false},"in2DMode":false,"pivot":{"x":1.528432846069336,"y":8.084151268005371,"z":2.8031539916992189},"rotation":{"x":-0.22344370186328889,"y":0.21773207187652589,"z":-0.05128052085638046,"w":-0.9487044811248779},"size":22.329126358032228,"orthographic":false}