{"cameraMode":{"drawMode":0,"name":"Shaded","section":"Shading Mode"},"sceneLighting":true,"audioPlay":false,"sceneViewState":{"showFog":false,"showMaterialUpdate":false,"showSkybox":true,"showFlares":false,"showImageEffects":false,"showParticleSystems":false},"in2DMode":false,"pivot":{"x":10.545283317565918,"y":-7.901863098144531,"z":-50.35687255859375},"rotation":{"x":-0.004378651734441519,"y":-0.9947872161865234,"z":0.06612700968980789,"w":-0.07836699485778809},"size":64.85292053222656,"orthographic":false}