{"cameraMode":{"drawMode":0,"name":"Shaded","section":"Shading Mode"},"sceneLighting":true,"audioPlay":false,"sceneViewState":{"showFog":false,"showMaterialUpdate":false,"showSkybox":true,"showFlares":false,"showImageEffects":false,"showParticleSystems":false},"in2DMode":false,"pivot":{"x":-1.7493702173233033,"y":2.9999327659606935,"z":0.9253575801849365},"rotation":{"x":-0.0707317441701889,"y":0.8616394400596619,"z":-0.12521237134933473,"w":-0.4867267906665802},"size":16.12078285217285,"orthographic":false}